--Specjalizacje
INSERT INTO Specjalizacje (Nazwa_Specjalizacji,Opis) VALUES ('Kardiolog', 'Lekarz medycyny zajmujący się chorobami serca i układu krążenia.');
INSERT INTO Specjalizacje (Nazwa_Specjalizacji, Opis) VALUES ('Dentysta', 'Lekarz medycyny zajmujący sie chorobami zębów i jamy ustnej');
INSERT INTO Specjalizacje (Nazwa_Specjalizacji, Opis) VALUES ('Okulista', 'Lekarz medycyny zajmujący sie badaniem i leczeniem narządu wzroku oraz korygowaniem jego wad');
INSERT INTO Specjalizacje (Nazwa_Specjalizacji, Opis) VALUES ('Neurolog', 'Lekarz medycyny zajmujący sie zajmujący sie chorobami obwodowego oraz ośrodkowego układu nerwowego');
INSERT INTO Specjalizacje (Nazwa_Specjalizacji, Opis) VALUES ('Urolog', 'Lekarz medycyny zajmujący sie chorobami układu moczowego u mężczyzn, kobiet, a także dzieci');
INSERT INTO Specjalizacje (Nazwa_Specjalizacji, Opis) VALUES ('Psychiatra', 'Lekarz medycyny zajmujący sie diagnozowaniem oraz leczeniem chorób i zaburzę psychicznych');
INSERT INTO Specjalizacje (Nazwa_Specjalizacji, Opis) VALUES ('Pediatra', 'Lekarz medycyny zajmujący sie chorobami dziecięcymi');
INSERT INTO Specjalizacje (Nazwa_Specjalizacji, Opis) VALUES ('Dermatolog', 'Lekarz medycyny zajmujący sie  leczeniem, diagnozowaniem i profilaktyka chorób skóry, włosów i paznokci');
INSERT INTO Specjalizacje (Nazwa_Specjalizacji, Opis) VALUES ('Ginekolog', 'Lekarz medycyny zajmujący sie  profilaktyka i leczeniem chorób żeńskiego układu płciowego');
INSERT INTO Specjalizacje (Nazwa_Specjalizacji, Opis) VALUES ('Alergolog', 'Lekarz medycyny zajmujący sie chorobami wywoływanymi przez alergeny');
INSERT INTO Specjalizacje (Nazwa_Specjalizacji, Opis) VALUES ('Reumatolog', 'Lekarz medycyny zajmujący sie rożnego typu schorzeniami powiązanymi ze stanami zwyrodnieniowymi i zapalnymi tkanki łącznej, kości i stawów');
INSERT INTO Specjalizacje (Nazwa_Specjalizacji, Opis) VALUES ('Hematolog', 'Lekarz medycyny zajmujący sie chorobami krwi i układu krwiotwórczego');
INSERT INTO Specjalizacje (Nazwa_Specjalizacji, Opis) VALUES ('Lekarz Rodzinny', 'Lekarz medycyny zajmujący sie diagnozowaniem i leczeniem chorób, które występują najczęściej według statystyk, ale nie wymagają konsultacji specjalistycznych');


--Konto ADMINA
INSERT INTO Adresy  VALUES(1, 'Kielce', 'Al. Tysiąclecia Państwa Polskiego', '1', 'D', '25-001');
INSERT INTO Kontakty VALUES (1, NULL, NULL);
INSERT INTO Osoby   VALUES(1, 'Bandura', 'Maciek', TO_DATE('2000-05-16', 'YYYY-MM-DD'), '00000000000', 1, 1);
INSERT INTO Konta   VALUES(1, 'admin', 'qwerty', 'admin', 1);

--Pacjenci
INSERT INTO Pacjenci_view VALUES ('Pac1', 'Dudek', 'Adam', 'Kowalski', sysdate-1000, TO_CHAR(round(dbms_random.value(00000000001,99999999999))), TO_CHAR(round(dbms_random.value(500000000,999999999))), 'kowal@wp.pl', 'Kielce', 'Sandomierska', '74', '10', '25-987', NULL);
INSERT INTO Pacjenci_view VALUES ('Pac2', 'Andrzejek','Andrzej', 'Niewulis', sysdate-1200, TO_CHAR(round(dbms_random.value(00000000001,99999999999))), TO_CHAR(round(dbms_random.value(500000000,999999999))), 'andrzejek@onet.pl', 'Częstochowa', 'Limanowskiego', '12', NULL, '71-411', NULL);
INSERT INTO Pacjenci_view VALUES ('Pac3', 'luki','Łukasz', 'Źródłowski', sysdate-2500, TO_CHAR(round(dbms_random.value(00000000001,99999999999))), TO_CHAR(round(dbms_random.value(500000000,999999999))), 'luki2121@wp.pl', 'Kielce', 'Bohaterów Warszawy', '14', '5', '25-200', NULL);
INSERT INTO Pacjenci_view VALUES ('Pac4', 'Firanka','Tomasz', 'Nowakowski', sysdate-2800, TO_CHAR(round(dbms_random.value(00000000001,99999999999))), TO_CHAR(round(dbms_random.value(500000000,999999999))), 'nowak1452@wp.pl', 'Radom', 'Warszawska', '141', NULL, '85-285', NULL);
INSERT INTO Pacjenci_View VALUES ('Pac10', 'pac10', 'Jan', 'Nowak', SYSDATE - 17972, '48214682066', '729264152', 'jan.nowak@interia.pl', 'Garwolin', 'Droga', '85C', '97', '74-294', NULL);
INSERT INTO Pacjenci_View VALUES ('Pac11', 'pac11', 'Maria', 'Jasińska', SYSDATE - 3557, '20594469926', '904487825', 'maria.jasiska@gmail.com', 'Lipink Łużyckie', 'Bogusławskiego', '1', '34', '97-243', NULL);
INSERT INTO Pacjenci_View VALUES ('Pac12', 'pac12', 'Piotr', 'Kowalski', SYSDATE - 3737, '11777181704', '967011413', 'piotr.kowalski@yahoo.com', 'Skarżysko Kamienna', 'Bluszczowa', '50B', NULL, '97-953', NULL);
INSERT INTO Pacjenci_View VALUES ('Pac13', 'pac13', 'Anna', 'Marciniak', SYSDATE - 26785, '42338586142', '902802288', 'anna.marciniak@yahoo.com', 'Kostomłoty', 'Kochanowskiego', '91D', '51', '91-954', NULL);
INSERT INTO Pacjenci_View VALUES ('Pac14', 'pac14', 'Stanisław', 'Wiśniewski', SYSDATE - 19785, '84761036974', '532469277', 'stanisaw.winiewski@onet.pl', 'Lipink Łużyckie', 'Jaskółcza', '50', '63', '18-372', NULL);
INSERT INTO Pacjenci_View VALUES ('Pac15', 'pac15', 'Katarzyna', 'Jakubowska', SYSDATE - 410, '42792388143', '837277594', 'katarzyna.jakubowska@gmail.com', 'Lipink Łużyckie', 'Chwaliszewo', '71A', '88', '25-866', NULL);
INSERT INTO Pacjenci_View VALUES ('Pac16', 'pac16', 'Andrzej', 'Wójcik', SYSDATE - 6240, '82904187703', '625743852', 'andrzej.wjcik@onet.pl', 'Raciboż', 'Bydgoska', '75B', NULL, '21-972', NULL);
INSERT INTO Pacjenci_View VALUES ('Pac17', 'pac17', 'Barbara', 'Sadowska', SYSDATE - 21701, '55882937384', '735886093', 'barbara.sadowska@onet.pl', 'Raciboż', 'Grudzieniec', '87', '92', '53-604', NULL);
INSERT INTO Pacjenci_View VALUES ('Pac18', 'pac18', 'Paweł', 'Kowalczyk', SYSDATE - 11499, '25774428779', '753411442', 'pawe.kowalczyk@gmail.com', 'Łódź', 'Koszarowa', '26A', '72', '92-550', NULL);
INSERT INTO Pacjenci_View VALUES ('Pac19', 'pac19', 'Ewa', 'Zawadzka', SYSDATE - 16771, '78426886694', '804122447', 'ewa.zawadzka@interia.pl', 'Grójec', 'Krasińskiego', '54D', NULL, '62-468', NULL);
INSERT INTO Pacjenci_View VALUES ('Pac20', 'pac20', 'Józef', 'Kamiński', SYSDATE - 4417, '32608345438', '823531637', 'jzef.kamiski@yahoo.com', 'Piotrków Trybunalski', 'Kramarska', '58', '93', '34-196', NULL);
INSERT INTO Pacjenci_View VALUES ('Pac21', 'pac21', 'Teresa', 'Duda', SYSDATE - 22338, '83243262862', '670501602', 'teresa.duda@interia.pl', 'Radom', 'Koszarowa', '61D', '99', '77-826', NULL);
INSERT INTO Pacjenci_View VALUES ('Pac22', 'pac22', 'Krzysztof', 'Lewandowski', SYSDATE - 4417, '95382028599', '872860418', 'krzysztof.lewandowski@wp.pl', 'Daleszyce', 'Bóźnicza', '37', NULL, '37-732', NULL);
INSERT INTO Pacjenci_View VALUES ('Pac23', 'pac23', 'Małgorzata', 'Włodarczyk', SYSDATE - 10471, '49229726425', '547531692', 'magorzata.wodarczyk@interia.pl', 'Tuszyn', 'Kaszubska', '92', NULL, '85-627', NULL);
INSERT INTO Pacjenci_View VALUES ('Pac24', 'pac24', 'Adam', 'Zieliński', SYSDATE - 18109, '37953452094', '952585413', 'adam.zieliski@gmail.com', 'Słomianki', 'Czartoryja', '96', NULL, '51-963', NULL);
INSERT INTO Pacjenci_View VALUES ('Pac25', 'pac25', 'Elżbieta', 'Bąk', SYSDATE - 9685, '44777684319', '939238734', 'elbieta.bk@onet.pl', 'Raciboż', 'Filipińska', '26', NULL, '63-363', NULL);
INSERT INTO Pacjenci_View VALUES ('Pac26', 'pac26', 'Tomasz', 'Szymański', SYSDATE - 27787, '17184905230', '631061274', 'tomasz.szymaski@onet.pl', 'Tuszyn', 'Chwaliszewo', '94D', '97', '83-872', NULL);
INSERT INTO Pacjenci_View VALUES ('Pac27', 'pac27', 'Magdalena', 'Chmielewska', SYSDATE - 7716, '68893527934', '963771696', 'magdalena.chmielewska@wp.pl', 'Tuszyn', 'Działyńskich', '35A', '44', '71-233', NULL);
INSERT INTO Pacjenci_View VALUES ('Pac28', 'pac28', 'Marek', 'Woźniak', SYSDATE - 19821, '13833264398', '934159133', 'marek.woniak@gmail.com', 'Radom', 'Golęcińska', '17', '52', '94-447', NULL);
INSERT INTO Pacjenci_View VALUES ('Pac29', 'pac29', 'Agnieszka', 'Borkowska', SYSDATE - 2260, '23831738630', '766811115', 'agnieszka.borkowska@yahoo.com', 'Tuszyn', 'Karolin', '76A', '65', '73-733', NULL);
INSERT INTO Pacjenci_View VALUES ('Pac30', 'pac30', 'Michał', 'Dąbrowski', SYSDATE - 25798, '29334003539', '638084185', 'micha.dbrowski@interia.pl', 'Grójec', 'Krasińskiego', '20', '67', '98-162', NULL);
INSERT INTO Pacjenci_View VALUES ('Pac31', 'pac31', 'Zofia', 'Wilk', SYSDATE - 11564, '38676842011', '860710895', 'zofia.wilk@yahoo.com', 'Łódź', 'Kaponiera', '59', NULL, '39-207', NULL);
INSERT INTO Pacjenci_View VALUES ('Pac32', 'pac32', 'Jerzy', 'Kozłowski', SYSDATE - 14815, '37342645364', '750508482', 'jerzy.kozowski@interia.pl', 'Kostomłoty', 'Komandorja', '93', NULL, '17-887', NULL);
INSERT INTO Pacjenci_View VALUES ('Pac33', 'pac33', 'Krystyna', 'Sokołowska', SYSDATE - 3574, '84844000443', '811924201', 'krystyna.sokoowska@gmail.com', 'Raciboż', 'Kosynierska', '26C', NULL, '54-678', NULL);
INSERT INTO Pacjenci_View VALUES ('Pac34', 'pac34', 'Grzegorz', 'Mazur', SYSDATE - 863, '94157515628', '580424434', 'grzegorz.mazur@yahoo.com', 'Radlin', 'Kolejowa', '40A', '14', '78-161', NULL);
INSERT INTO Pacjenci_View VALUES ('Pac35', 'pac35', 'Jadwiga', 'Szczepańska', SYSDATE - 21557, '62576984620', '533140703', 'jadwiga.szczepaska@yahoo.com', 'Warszawa', 'Cybińska', '72A', NULL, '97-815', NULL);
INSERT INTO Pacjenci_View VALUES ('Pac36', 'pac36', 'Wojciech', 'Jankowski', SYSDATE - 4188, '63397103792', '981874381', 'wojciech.jankowski@yahoo.com', 'Radom', 'Górczyńska', '22D', NULL, '62-784', NULL);
INSERT INTO Pacjenci_View VALUES ('Pac37', 'pac37', 'Joanna', 'Sawicka', SYSDATE - 25957, '81707527601', '881306866', 'joanna.sawicka@onet.pl', 'Radom', 'Krzyżowa', '58', '32', '79-464', NULL);
INSERT INTO Pacjenci_View VALUES ('Pac38', 'pac38', 'Marcin', 'Kwiatkowski', SYSDATE - 22303, '61212608675', '691287296', 'marcin.kwiatkowski@wp.pl', 'Raciboż', 'Dąbrówki', '83', '95', '53-784', NULL);
INSERT INTO Pacjenci_View VALUES ('Pac39', 'pac39', 'Janina', 'Lis', SYSDATE - 364, '73002509598', '750383709', 'janina.lis@gmail.com', 'Kielce', 'Konopnickiej', '59', NULL, '48-272', NULL);
INSERT INTO Pacjenci_View VALUES ('Pac40', 'pac40', 'Kazimierz', 'Wojciechowski', SYSDATE - 18318, '66125692608', '676186712', 'kazimierz.wojciechowski@interia.pl', 'Daleszyce', 'Komandorja', '40B', NULL, '32-651', NULL);
INSERT INTO Pacjenci_View VALUES ('Pac41', 'pac41', 'Monika', 'Kucharska', SYSDATE - 12396, '34912793034', '956038959', 'monika.kucharska@wp.pl', 'Słomianki', 'Bóźnicza', '93C', NULL, '71-258', NULL);
INSERT INTO Pacjenci_View VALUES ('Pac42', 'pac42', 'Tadeusz', 'Krawczyk', SYSDATE - 4700, '73942300805', '733645672', 'tadeusz.krawczyk@onet.pl', 'Stalowa Wola', 'Dolna', '40', '96', '38-299', NULL);
INSERT INTO Pacjenci_View VALUES ('Pac43', 'pac43', 'Helena', 'Maciejewska', SYSDATE - 3573, '76117354092', '828746382', 'helena.maciejewska@gmail.com', 'Raciboż', 'Jezuicka', '39B', NULL, '99-349', NULL);
INSERT INTO Pacjenci_View VALUES ('Pac44', 'pac44', 'Łukasz', 'Kaczmarek', SYSDATE - 24495, '28207848510', '811092959', 'ukasz.kaczmarek@onet.pl', 'Grójec', 'Cytadela', '78B', '51', '46-530', NULL);
INSERT INTO Pacjenci_View VALUES ('Pac45', 'pac45', 'Marta', 'Kalinowska', SYSDATE - 27855, '43222909507', '790905303', 'marta.kalinowska@yahoo.com', 'Tuszyn', 'Głęboka', '85A', NULL, '91-399', NULL);
INSERT INTO Pacjenci_View VALUES ('Pac46', 'pac46', 'Marian', 'Piotrowski', SYSDATE - 22581, '58452635510', '904308716', 'marian.piotrowski@interia.pl', 'Bełchatów', 'Dominikańska', '52', NULL, '12-104', NULL);
INSERT INTO Pacjenci_View VALUES ('Pac47', 'pac47', 'Dorota', 'Mazurek', SYSDATE - 24843, '57247446314', '938821373', 'dorota.mazurek@gmail.com', 'Daleszyce', 'Kraszewskiego', '50', NULL, '74-925', NULL);
INSERT INTO Pacjenci_View VALUES ('Pac48', 'pac48', 'Antoni', 'Grabowski', SYSDATE - 24396, '91387461945', '560115647', 'antoni.grabowski@wp.pl', 'Słomianki', 'Koszarowa', '66D', '32', '14-559', NULL);
INSERT INTO Pacjenci_View VALUES ('Pac49', 'pac49', 'Danuta', 'Wysocka', SYSDATE - 1113, '77149390230', '511656712', 'danuta.wysocka@onet.pl', 'Radom', 'Grottgera', '60B', NULL, '64-278', NULL);
INSERT INTO Pacjenci_View VALUES ('Pac50', 'pac50', 'Franciszek', 'Zając', SYSDATE - 16293, '37857195902', '856480272', 'franciszek.zajc@onet.pl', 'Radom', 'Dolna', '29D', '35', '37-467', NULL);
INSERT INTO Pacjenci_View VALUES ('Pac51', 'pac51', 'Stanisława', 'Kubiak', SYSDATE - 24504, '54548829515', '909065940', 'stanisawa.kubiak@interia.pl', 'Słomianki', 'Klasztorna', '80', '78', '69-903', NULL);
INSERT INTO Pacjenci_View VALUES ('Pac52', 'pac52', 'Zbigniew', 'Pawłowski', SYSDATE - 18259, '69388411733', '587037380', 'zbigniew.pawowski@wp.pl', 'Radom', 'Grobla', '47A', '9', '77-574', NULL);
INSERT INTO Pacjenci_View VALUES ('Pac53', 'pac53', 'Irena', 'Kołodziej', SYSDATE - 10472, '46665018195', '606672580', 'irena.koodziej@onet.pl', 'Raciboż', 'Calliera', '52C', NULL, '44-401', NULL);
INSERT INTO Pacjenci_View VALUES ('Pac54', 'pac54', 'Jakub', 'Król', SYSDATE - 2532, '85518467895', '743191358', 'jakub.krl@interia.pl', 'Grójec', 'Ciasna', '83D', '64', '39-324', NULL);
INSERT INTO Pacjenci_View VALUES ('Pac55', 'pac55', 'Beata', 'Czarnecka', SYSDATE - 22628, '46104740003', '998906101', 'beata.czarnecka@interia.pl', 'Łódź', 'Grobla', '41C', NULL, '96-654', NULL);
INSERT INTO Pacjenci_View VALUES ('Pac56', 'pac56', 'Robert', 'Michalski', SYSDATE - 21013, '34646658464', '693451564', 'robert.michalski@onet.pl', 'Radlin', 'Dolina', '17A', '96', '80-359', NULL);
INSERT INTO Pacjenci_View VALUES ('Pac57', 'pac57', 'Jolanta', 'Kaźmierczak', SYSDATE - 28670, '94743396809', '786015386', 'jolanta.kamierczak@wp.pl', 'Radlin', 'Cybińska', '58C', '76', '68-729', NULL);
INSERT INTO Pacjenci_View VALUES ('Pac58', 'pac58', 'Ryszard', 'Wróbel', SYSDATE - 28333, '92379544581', '843695096', 'ryszard.wrbel@interia.pl', 'Kraków', 'Chwaliszewo', '53', NULL, '55-871', NULL);
INSERT INTO Pacjenci_View VALUES ('Pac59', 'pac59', 'Weronika', 'Urbańska', SYSDATE - 17530, '34635838912', '831481787', 'weronika.urbaska@interia.pl', 'Słomianki', 'Gwarna', '96A', NULL, '57-886', NULL);
INSERT INTO Pacjenci_View VALUES ('Pac60', 'pac60', 'Jacek', 'Wieczorek', SYSDATE - 14630, '44672696892', '860574153', 'jacek.wieczorek@interia.pl', 'Skarżysko Kamienna', 'Kopanina', '50B', NULL, '54-269', NULL);
INSERT INTO Pacjenci_View VALUES ('Pac61', 'pac61', 'Aleksandra', 'Sobczak', SYSDATE - 6853, '43204057542', '946184771', 'aleksandra.sobczak@yahoo.com', 'Słomianki', 'Kanałowa', '3', '85', '60-247', NULL);
INSERT INTO Pacjenci_View VALUES ('Pac62', 'pac62', 'Henryk', 'Jabłoński', SYSDATE - 25933, '96811487324', '844528093', 'henryk.jaboski@interia.pl', 'Kostomłoty', 'Jezuicka', '13', '49', '82-110', NULL);
INSERT INTO Pacjenci_View VALUES ('Pac63', 'pac63', 'Karolina', 'Głowacka', SYSDATE - 7712, '35355018834', '991535164', 'karolina.gowacka@onet.pl', 'Kraków', 'Klonowicza', '39A', '6', '66-239', NULL);
INSERT INTO Pacjenci_View VALUES ('Pac64', 'pac64', 'Mateusz', 'Nowakowski', SYSDATE - 17108, '45923142401', '817124302', 'mateusz.nowakowski@interia.pl', 'Tuszyn', 'Grunwaldzka', '15C', '52', '95-494', NULL);
INSERT INTO Pacjenci_View VALUES ('Pac65', 'pac65', 'Urszula', 'Krajewska', SYSDATE - 23260, '30551282380', '731677356', 'urszula.krajewska@gmail.com', 'Kraków', 'Bielniki', '26', NULL, '51-814', NULL);
INSERT INTO Pacjenci_View VALUES ('Pac66', 'pac66', 'Janusz', 'Majewski', SYSDATE - 15988, '97842492527', '867442373', 'janusz.majewski@yahoo.com', 'Kraków', 'Bogusławskiego', '48', NULL, '93-765', NULL);
INSERT INTO Pacjenci_View VALUES ('Pac67', 'pac67', 'Grażyna', 'Krupa', SYSDATE - 16304, '54863116489', '687377557', 'grayna.krupa@yahoo.com', 'Łódź', 'Kościelna', '68', NULL, '57-920', NULL);
INSERT INTO Pacjenci_View VALUES ('Pac68', 'pac68', 'Maciej', 'Olszewski', SYSDATE - 4962, '23745000565', '705978042', 'maciej.olszewski@onet.pl', 'Kielce', 'Franciszkańska', '42', '86', '19-218', NULL);
INSERT INTO Pacjenci_View VALUES ('Pac69', 'pac69', 'Wiktoria', 'Sikorska', SYSDATE - 26078, '98172465604', '940579593', 'wiktoria.sikorska@interia.pl', 'Raciboż', 'Komandorja', '72A', NULL, '82-692', NULL);
INSERT INTO Pacjenci_View VALUES ('Pac70', 'pac70', 'Władysław', 'Dudek', SYSDATE - 14167, '73981684694', '725348906', 'wadysaw.dudek@yahoo.com', 'Daleszyce', 'Grochowe', '91B', '3', '53-185', NULL);
INSERT INTO Pacjenci_View VALUES ('Pac71', 'pac71', 'Halina', 'Zakrzewska', SYSDATE - 20174, '60227607503', '729332851', 'halina.zakrzewska@gmail.com', 'Sandomierz', 'Babińskiego', '95A', '99', '38-695', NULL);
INSERT INTO Pacjenci_View VALUES ('Pac72', 'pac72', 'Karol', 'Stępień', SYSDATE - 17152, '45807528877', '688619270', 'karol.stpie@interia.pl', 'Słomianki', 'Kraszewskiego', '35A', '85', '43-524', NULL);
INSERT INTO Pacjenci_View VALUES ('Pac73', 'pac73', 'Marianna', 'Wasilewska', SYSDATE - 18196, '89009679259', '946659470', 'marianna.wasilewska@gmail.com', 'Sandomierz', 'Babińskiego', '93B', '29', '99-689', NULL);
INSERT INTO Pacjenci_View VALUES ('Pac74', 'pac74', 'Mariusz', 'Jaworski', SYSDATE - 19923, '14988065241', '531394373', 'mariusz.jaworski@gmail.com', 'Słomianki', 'Graniczna', '94', NULL, '84-459', NULL);
INSERT INTO Pacjenci_View VALUES ('Pac75', 'pac75', 'Alicja', 'Ziółkowska', SYSDATE - 3311, '80772744821', '855056021', 'alicja.zikowska@onet.pl', 'Radom', 'Bonin', '82B', '32', '60-635', NULL);
INSERT INTO Pacjenci_View VALUES ('Pac76', 'pac76', 'Rafał', 'Adamczyk', SYSDATE - 23768, '51881516889', '881819583', 'rafa.adamczyk@onet.pl', 'Kostomłoty', 'Kaponiera', '61C', NULL, '85-780', NULL);
INSERT INTO Pacjenci_View VALUES ('Pac77', 'pac77', 'Kazimiera', 'Laskowska', SYSDATE - 11145, '13743423832', '554941325', 'kazimiera.laskowska@interia.pl', 'Kostomłoty', 'Dolina', '12B', NULL, '67-790', NULL);
INSERT INTO Pacjenci_View VALUES ('Pac78', 'pac78', 'Roman', 'Malinowski', SYSDATE - 4913, '88394316306', '735671564', 'roman.malinowski@interia.pl', 'Stalowa Wola', 'Harcerska', '71', NULL, '60-207', NULL);
INSERT INTO Pacjenci_View VALUES ('Pac79', 'pac79', 'Iwona', 'Gajewska', SYSDATE - 20218, '27150436619', '737989696', 'iwona.gajewska@yahoo.com', 'Grójec', 'Droga', '21', NULL, '38-804', NULL);
INSERT INTO Pacjenci_View VALUES ('Pac80', 'pac80', 'Dariusz', 'Górski', SYSDATE - 4432, '53533189036', '666484279', 'dariusz.grski@yahoo.com', 'Łódź', 'Dolina', '12D', '12', '78-926', NULL);
INSERT INTO Pacjenci_View VALUES ('Pac81', 'pac81', 'Józefa', 'Mróz', SYSDATE - 5642, '21840474879', '811372717', 'jzefa.mrz@gmail.com', 'Stalowa Wola', 'Głęboka', '88', NULL, '18-411', NULL);
INSERT INTO Pacjenci_View VALUES ('Pac82', 'pac82', 'Aleksander', 'Pawlak', SYSDATE - 1711, '61231292889', '573091221', 'aleksander.pawlak@yahoo.com', 'Bełchatów', 'Klasztorna', '35', NULL, '68-341', NULL);
INSERT INTO Pacjenci_View VALUES ('Pac83', 'pac83', 'Julia', 'Szulc', SYSDATE - 1235, '55091905217', '653549256', 'julia.szulc@wp.pl', 'Daleszyce', 'Kręta', '2', '49', '71-877', NULL);
INSERT INTO Pacjenci_View VALUES ('Pac84', 'pac84', 'Sebastian', 'Nowicki', SYSDATE - 7691, '74812912922', '706681258', 'sebastian.nowicki@onet.pl', 'Sandomierz', 'Dolna', '49D', NULL, '92-468', NULL);
INSERT INTO Pacjenci_View VALUES ('Pac85', 'pac85', 'Bożena', 'Makowska', SYSDATE - 5204, '40558218361', '709241010', 'boena.makowska@interia.pl', 'Grójec', 'Kraszewskiego', '60D', '17', '69-431', NULL);
INSERT INTO Pacjenci_View VALUES ('Pac86', 'pac86', 'Stefan', 'Sikora', SYSDATE - 25745, '12134545076', '626623420', 'stefan.sikora@gmail.com', 'Sandomierz', 'Kolejowa', '74', NULL, '35-996', NULL);
INSERT INTO Pacjenci_View VALUES ('Pac87', 'pac87', 'Agata', 'Brzezińska', SYSDATE - 16083, '95178404826', '793358179', 'agata.brzeziska@onet.pl', 'Lipink Łużyckie', 'Dominikańska', '59B', NULL, '13-159', NULL);
INSERT INTO Pacjenci_View VALUES ('Pac88', 'pac88', 'Edward', 'Witkowski', SYSDATE - 13640, '18045200413', '601294448', 'edward.witkowski@yahoo.com', 'Łódź', 'Graniczna', '68', '92', '22-551', NULL);
INSERT INTO Pacjenci_View VALUES ('Pac89', 'pac89', 'Izabela', 'Przybylska', SYSDATE - 26119, '19869401528', '731507876', 'izabela.przybylska@wp.pl', 'Sandomierz', 'Karolin', '61', NULL, '52-885', NULL);
INSERT INTO Pacjenci_View VALUES ('Pac90', 'pac90', 'Mirosław', 'Rutkowski', SYSDATE - 19561, '23504444276', '976478997', 'mirosaw.rutkowski@gmail.com', 'Grójec', 'Kowalska', '17', '79', '14-833', NULL);
INSERT INTO Pacjenci_View VALUES ('Pac91', 'pac91', 'Natalia', 'Baranowska', SYSDATE - 13677, '27862404607', '887906191', 'natalia.baranowska@interia.pl', 'Kielce', 'Bonin', '89A', '11', '29-463', NULL);
INSERT INTO Pacjenci_View VALUES ('Pac92', 'pac92', 'Artur', 'Walczak', SYSDATE - 15053, '86478480361', '682038710', 'artur.walczak@gmail.com', 'Bełchatów', 'Estkowskiego', '50A', '43', '29-164', NULL);
INSERT INTO Pacjenci_View VALUES ('Pac93', 'pac93', 'Justyna', 'Kaczmarczyk', SYSDATE - 22260, '45553952398', '519913074', 'justyna.kaczmarczyk@yahoo.com', 'Bełchatów', 'Kanałowa', '90', NULL, '38-173', NULL);
INSERT INTO Pacjenci_View VALUES ('Pac94', 'pac94', 'Kamil', 'Baran', SYSDATE - 6650, '54562736295', '996328046', 'kamil.baran@yahoo.com', 'Kielce', 'Dąbrowskiego', '59', '27', '24-905', NULL);
INSERT INTO Pacjenci_View VALUES ('Pac95', 'pac95', 'Sylwia', 'Szymczak', SYSDATE - 16837, '59447981771', '960367608', 'sylwia.szymczak@gmail.com', 'Łódź', 'Karolin', '15B', NULL, '75-254', NULL);
INSERT INTO Pacjenci_View VALUES ('Pac96', 'pac96', 'Mieczysław', 'Michalak', SYSDATE - 20338, '40196460047', '797317350', 'mieczysaw.michalak@wp.pl', 'Kostomłoty', 'Długa', '34A', '14', '79-199', NULL);
INSERT INTO Pacjenci_View VALUES ('Pac97', 'pac97', 'Paulina', 'Adamska', SYSDATE - 7391, '45752317916', '777069225', 'paulina.adamska@onet.pl', 'Lipink Łużyckie', 'Droga', '75B', '22', '15-883', NULL);
INSERT INTO Pacjenci_View VALUES ('Pac98', 'pac98', 'Dawid', 'Szewczyk', SYSDATE - 9528, '23427147394', '908872870', 'dawid.szewczyk@wp.pl', 'Bełchatów', 'Daleka', '74B', NULL, '38-277', NULL);
INSERT INTO Pacjenci_View VALUES ('Pac99', 'pac99', 'Patrycja', 'Błaszczyk', SYSDATE - 5442, '73638341531', '928061925', 'patrycja.baszczyk@onet.pl', 'Kielce', 'Konopnickiej', '30', NULL, '71-912', NULL);
INSERT INTO Pacjenci_View VALUES ('Pac100', 'pac100', 'Sławomir', 'Ostrowski', SYSDATE - 7050, '78072309361', '984602691', 'sawomir.ostrowski@gmail.com', 'Kostomłoty', 'Jezuicka', '40C', '37', '52-761', NULL);
INSERT INTO Pacjenci_View VALUES ('Pac101', 'pac101', 'Wanda', 'Borowska', SYSDATE - 20985, '72090743050', '512325614', 'wanda.borowska@onet.pl', 'Łódź', 'Krzyżowa', '93A', NULL, '92-738', NULL);
INSERT INTO Pacjenci_View VALUES ('Pac102', 'pac102', 'Wiesław', 'Tomaszewski', SYSDATE - 19715, '52771850715', '919413082', 'wiesaw.tomaszewski@wp.pl', 'Sandomierz', 'Harcerska', '65B', NULL, '86-285', NULL);
INSERT INTO Pacjenci_View VALUES ('Pac103', 'pac103', 'Renata', 'Górecka', SYSDATE - 17779, '49982075707', '917516012', 'renata.grecka@gmail.com', 'Radlin', 'Bartnicza', '37C', NULL, '56-772', NULL);
INSERT INTO Pacjenci_View VALUES ('Pac104', 'pac104', 'Daniel', 'Zalewski', SYSDATE - 21529, '48161957014', '583689469', 'daniel.zalewski@wp.pl', 'Sandomierz', 'Kaponiera', '34', '14', '90-976', NULL);
INSERT INTO Pacjenci_View VALUES ('Pac105', 'pac105', 'Kinga', 'Kania', SYSDATE - 27025, '23895505866', '982167114', 'kinga.kania@wp.pl', 'Kielce', 'Grottgera', '7', '46', '87-188', NULL);
INSERT INTO Pacjenci_View VALUES ('Pac106', 'pac106', 'Szymon', 'Wróblewski', SYSDATE - 14235, '14191463088', '982577835', 'szymon.wrblewski@wp.pl', 'Garwolin', 'Kochanowskiego', '32A', NULL, '87-532', NULL);
INSERT INTO Pacjenci_View VALUES ('Pac107', 'pac107', 'Łucja', 'Szczepaniak', SYSDATE - 24122, '89611368753', '968257387', 'ucja.szczepaniak@wp.pl', 'Piotrków Trybunalski', 'Bogusławskiego', '47D', '10', '13-600', NULL);
INSERT INTO Pacjenci_View VALUES ('Pac108', 'pac108', 'Mikołaj', 'Pietrzak', SYSDATE - 13796, '68512816470', '538466146', 'mikoaj.pietrzak@onet.pl', 'Sandomierz', 'Dominikańska', '84B', '9', '38-721', NULL);
INSERT INTO Pacjenci_View VALUES ('Pac109', 'pac109', 'Emilia', 'Janik', SYSDATE - 27737, '91687677835', '811751469', 'emilia.janik@gmail.com', 'Daleszyce', 'Kórnicka', '10D', NULL, '71-862', NULL);


--Lekarze
INSERT INTO Lekarze_view VALUES ('Lek1', 'lek1', 'Grzegorz', 'Nowak', sysdate-7000, TO_CHAR(round(dbms_random.value(00000000001,99999999999))), TO_CHAR(round(dbms_random.value(500000000,999999999))), 'doktorNowak@wp.pl', 'Kielce', 'Karczówkowska', '63', NULL, '25-987', 'Kardiolog', NULL, NULL, NULL);
INSERT INTO Lekarze_view VALUES ('Lek2', 'lek2', 'Tomasz', 'Maciaszczyk', sysdate-6500, TO_CHAR(round(dbms_random.value(00000000001,99999999999))), TO_CHAR(round(dbms_random.value(500000000,999999999))), 'doktorMaciaszczyk@wp.pl', 'Warszawa', 'Skrajna', '63', NULL, '22-287', 'Dentysta', NULL, NULL, NULL);
INSERT INTO Lekarze_view VALUES ('Lek3', 'lek3', 'Jacek', 'Stopa', sysdate-8000, TO_CHAR(round(dbms_random.value(00000000001,99999999999))), TO_CHAR(round(dbms_random.value(500000000,999999999))), 'doktorStopa@wp.pl', 'Krakow', 'Duza', '63', NULL, '21-587', 'Kardiolog', NULL, NULL, NULL);
INSERT INTO Lekarze_view VALUES ('Lek4', 'lek4', 'Anna', 'Nowak', sysdate-6000, TO_CHAR(round(dbms_random.value(00000000001,99999999999))), TO_CHAR(round(dbms_random.value(500000000,999999999))), 'doktorANowak@wp.pl', 'Kielce', 'Karczówkowska', '63', NULL, '25-987', 'Dentysta', NULL, NULL, NULL);
INSERT INTO Lekarze_view VALUES ('Lek5', 'lek5', 'Adam', 'Witkowski', sysdate-16000, TO_CHAR(round(dbms_random.value(00000000001,99999999999))), TO_CHAR(round(dbms_random.value(500000000,999999999))), 'doktorAWitkowski@wp.pl', 'Kielce', 'Skrajna', '23', NULL, '25-987', 'Okulista', NULL, NULL, NULL);
INSERT INTO Lekarze_view VALUES ('Lek6', 'lek6', 'Piotr', 'Woźniak', sysdate-15000, TO_CHAR(round(dbms_random.value(00000000001,99999999999))), TO_CHAR(round(dbms_random.value(500000000,999999999))), 'doktorPWozniak@wp.pl', 'Kielce', 'Sienkiewicza', '41', NULL, '25-987', 'Neurolog', NULL, NULL, NULL);
INSERT INTO Lekarze_view VALUES ('Lek7', 'lek7', 'Agata', 'Dąbrowska', sysdate-14000, TO_CHAR(round(dbms_random.value(00000000001,99999999999))), TO_CHAR(round(dbms_random.value(500000000,999999999))), 'doktorADabrowska@wp.pl', 'Kielce', 'Warszawska', '55', NULL, '25-987', 'Urolog', NULL, NULL, NULL);
INSERT INTO Lekarze_view VALUES ('Lek8', 'lek8', 'Maksymilian', 'Kalinowski', sysdate-9000, TO_CHAR(round(dbms_random.value(00000000001,99999999999))), TO_CHAR(round(dbms_random.value(500000000,999999999))), 'doktorMKalinowski@wp.pl', 'Kielce', 'Jagielonska', '60', NULL, '25-987', 'Psychiatra', NULL, NULL, NULL);
INSERT INTO Lekarze_view VALUES ('Lek9', 'lek9', 'Artur', 'Sadowski', sysdate-12000, TO_CHAR(round(dbms_random.value(00000000001,99999999999))), TO_CHAR(round(dbms_random.value(500000000,999999999))), 'doktorSadowski@wp.pl', 'Kielce', 'Lecha', '27', NULL, '25-987', 'Pediatra', NULL, NULL, NULL);
INSERT INTO Lekarze_view VALUES ('Lek10', 'lek10', 'Beata', 'Mazurek', sysdate-12500, TO_CHAR(round(dbms_random.value(00000000001,99999999999))), TO_CHAR(round(dbms_random.value(500000000,999999999))), 'doktorMazurek@wp.pl', 'Nowa Słupia', 'Świetokrzyska', '33', NULL, '25-577', 'Pediatra', NULL, NULL, NULL);
INSERT INTO Lekarze_view VALUES ('Lek11', 'lek11', 'Marta', 'Pietrzak', sysdate-8300, TO_CHAR(round(dbms_random.value(00000000001,99999999999))), TO_CHAR(round(dbms_random.value(500000000,999999999))), 'doktoPietrzak@wp.pl', 'Kielce', 'Skrajna', '31', NULL, '25-987', 'Dermatolog', NULL, NULL, NULL);
INSERT INTO Lekarze_view VALUES ('Lek12', 'lek12', 'Maciej', 'Sokołowski', sysdate-12310, TO_CHAR(round(dbms_random.value(00000000001,99999999999))), TO_CHAR(round(dbms_random.value(500000000,999999999))), 'doktorMSoko³owski@wp.pl', 'Bodzentyn', 'Wolnosci', '4', NULL, '25-017', 'Dermatolog', NULL, NULL, NULL);
INSERT INTO Lekarze_view VALUES ('Lek13', 'lek13', 'Monika', 'Sokołowska', sysdate-11000, TO_CHAR(round(dbms_random.value(00000000001,99999999999))), TO_CHAR(round(dbms_random.value(500000000,999999999))), 'Sokol@wp.pl', 'Bodzentyn', 'Wolnosci', '4', NULL, '25-017', 'Ginekolog', NULL, NULL, NULL);
INSERT INTO Lekarze_view VALUES ('Lek14', 'lek14', 'Grzegorz', 'Kubiak', sysdate-9800, TO_CHAR(round(dbms_random.value(00000000001,99999999999))), TO_CHAR(round(dbms_random.value(500000000,999999999))), 'KubiakKubiak@wp.pl', 'Bodzentyn', 'Licealna', '8', NULL, '25-017', 'Ginekolog', NULL, NULL, NULL);
INSERT INTO Lekarze_view VALUES ('Lek15', 'lek15', 'Mariusz', 'Jaworski', sysdate-9600, TO_CHAR(round(dbms_random.value(00000000001,99999999999))), TO_CHAR(round(dbms_random.value(500000000,999999999))), 'doktorMJaworski@wp.pl', 'Bodzentyn', 'Wolnosci', '24', NULL, '25-017', 'Alergolog', NULL, NULL, NULL);
INSERT INTO Lekarze_view VALUES ('Lek16', 'lek16', 'Dominika', 'Szulc', sysdate-13600, TO_CHAR(round(dbms_random.value(00000000001,99999999999))), TO_CHAR(round(dbms_random.value(500000000,999999999))), 'SzulcDok@wp.pl', 'Bodzentyn', 'Wesola', '22', NULL, '25-017', 'Alergolog', NULL, NULL, NULL);
INSERT INTO Lekarze_view VALUES ('Lek17', 'lek17', 'Dominik', 'Kozłowski', sysdate-7700, TO_CHAR(round(dbms_random.value(00000000001,99999999999))), TO_CHAR(round(dbms_random.value(500000000,999999999))), 'Koz³owski123@wp.pl', 'Nowa S³upia', 'Szkolna', '8', NULL, '25-577', 'Reumatolog', NULL, NULL, NULL);
INSERT INTO Lekarze_view VALUES ('Lek18', 'lek18', 'Julia', 'Duda', sysdate-15500, TO_CHAR(round(dbms_random.value(00000000001,99999999999))), TO_CHAR(round(dbms_random.value(500000000,999999999))), 'doktorDuda@wp.pl', 'Nowa S³upia', 'Kwiatowa', '13', NULL, '25-577', 'Hematolog', NULL, NULL, NULL);
INSERT INTO Lekarze_view VALUES ('Lek19', 'lek19', 'Andrzej', 'Jakubowski', sysdate-12300, TO_CHAR(round(dbms_random.value(00000000001,99999999999))), TO_CHAR(round(dbms_random.value(500000000,999999999))), 'doktorAJak@wp.pl', 'Nowa S³upia', 'Chemowa', '4', NULL, '25-577', 'Lekarz Rodzinny', NULL, NULL, NULL);
INSERT INTO Lekarze_view VALUES ('Lek20', 'lek20', 'Michał', 'Wróblewski', sysdate-14600, TO_CHAR(round(dbms_random.value(00000000001,99999999999))), TO_CHAR(round(dbms_random.value(500000000,999999999))), 'Wroblewski@wp.pl', 'Kielce', 'Hoza', '25', NULL, '25-987', 'Lekarz Rodzinny', NULL, NULL, NULL);
INSERT INTO Lekarze_view VALUES ('Lek21', 'lek21', 'Szymon', 'Szymczak', sysdate-21370, TO_CHAR(round(dbms_random.value(00000000001,99999999999))), TO_CHAR(round(dbms_random.value(500000000,999999999))), 'doktorSzymczak@wp.pl', 'Kielce', 'Czestochowska', '46', NULL, '25-987', 'Lekarz Rodzinny', NULL, NULL, NULL);


--Producenci leków
INSERT INTO Producenci_Lekow_view (nazwa_producenta, kod_pocztowy, miasto, ulica,nr_domu, nr_mieszkania, email,telefon) VALUES ('USP Zdrowie sp. z o.o.', '02-822', 'Warszawa', 'Poleczki', '35', NULL, 'hurtownia@usp.pl', '225436000');
INSERT INTO Producenci_Lekow_view (nazwa_producenta, kod_pocztowy, miasto, ulica,nr_domu, nr_mieszkania, email,telefon) VALUES ('Mabion S.A.', '95-050', 'Konstantynów Łódzki', 'gen. Mariana Langiewicza', '60', NULL, 'info@mabion.eu', '422077890');
INSERT INTO Producenci_Lekow_view (nazwa_producenta, kod_pocztowy, miasto, ulica,nr_domu, nr_mieszkania, email,telefon) VALUES ('Pelion S.A.', '91-342', 'Łódź', 'Zbąszyńska', '3', NULL, 'hr@pelion.eu', '422007468');
INSERT INTO Producenci_Lekow_view (nazwa_producenta, kod_pocztowy, miasto, ulica,nr_domu, nr_mieszkania, email,telefon) VALUES ('Neuca S.A.', '87-100', 'Toruń', 'Forteczna', '35', '37', 'oferty.farmaceutyczne@neuca.pl', '800804805');
INSERT INTO Producenci_Lekow_view (nazwa_producenta, kod_pocztowy, miasto, ulica,nr_domu, nr_mieszkania, email,telefon) VALUES ('Celon Pharma S.A.', '05-092', 'Łomianki/Kiełpin', 'Ogrodowa', '2a', NULL, 'info@celonpharma.com', '227515933');
INSERT INTO Producenci_Lekow_view (nazwa_producenta, kod_pocztowy, miasto, ulica,nr_domu, nr_mieszkania, email,telefon) VALUES ('Farmacol S.A.', '40-431', 'Katowice', 'Szopienicka', '77', NULL, 'handlowy@farmacol.com.pl', '322080686');
INSERT INTO Producenci_Lekow_view (nazwa_producenta, kod_pocztowy, miasto, ulica,nr_domu, nr_mieszkania, email,telefon) VALUES ('Grupa Adamed S.A.', '05-152', 'Czosnów', 'Mariana Adamkiewicza', '6a', NULL, 'adamed@adamed.com', '227327700');
INSERT INTO Producenci_Lekow_view (nazwa_producenta, kod_pocztowy, miasto, ulica,nr_domu, nr_mieszkania, email,telefon) VALUES ('Aflofarm Farmacja Polska Sp. z o.o.', '95-200', 'Pabianice', 'Partyzancka', '133', '151', 'aflofarm@aflofarm.pl', '422253102');
INSERT INTO Producenci_Lekow_view (nazwa_producenta, kod_pocztowy, miasto, ulica,nr_domu, nr_mieszkania, email,telefon) VALUES ('Toruńskie Zakłady Materiałów Opatrunkowych', '87-100', 'Toruń', 'Żółkiewskiego', '20', '26', 'bok@tzmo-global.com', '566123800');
INSERT INTO Producenci_Lekow_view (nazwa_producenta, kod_pocztowy, miasto, ulica,nr_domu, nr_mieszkania, email,telefon) VALUES ('Zakłady Farmaceutyczne Polpharma S.A.', '83-200', 'Starogard Gdański', 'Pelplińska', '19', NULL, 'iod@polpharma.com', '585631600');


--Godziny wizyt
INSERT INTO dostepne_godz VALUES ('10:00');
INSERT INTO dostepne_godz VALUES ('11:30');
INSERT INTO dostepne_godz VALUES ('13:00');
INSERT INTO dostepne_godz VALUES ('14:30');
INSERT INTO dostepne_godz VALUES ('16:00');
INSERT INTO dostepne_godz VALUES ('17:30');
INSERT INTO dostepne_godz VALUES ('19:00');
